cluster,framing (verbatim hook),advertiser,longest_run_days,total_span_days,relaunch,variants,countries,eu_reach,price,LP type,lp_h1,domain
C1,Attention Parents Going Through Divorce❗️,Family Court Guide,123,123,False,1,GB,,,,,fb.me
C1,Overthinking is at the root of most of our mental distress.,Metacognitive Therapy,120,120,False,1,AUGBUS,,$1,application_form,Instagram,instagram.com
C1,"Most homeowners think a bathroom renovation means months of mess, tradesmen constantly in the house, and costs spiralling out of control 🚿❌",Rugby Tile & Bathroom,106,106,False,1,GB,,,,,
C1,"Most people pour everything into the build, then realise the garden was never budgeted properly.",Andy Stedman Design LTD,104,104,False,1,GB,,,,,fb.me
C1,If you’re considering a home extension but worried about:,Truestone Construction Ltd,91,91,False,1,GB,,,,,fb.me
C1,I refused Metformin for 3 years. Here's what happened to my blood sugar.,Cholesterol Relief Community,81,81,False,2,DEDKNL,83745,gated,optin,DEAL ENDING IN:,shop.pipitea.com
C1,"When your child's anxiety makes bedtime feel impossible, it's exhausting for everyone.",Nesti,71,71,False,1,DEDKNL,1384,$56.50,direct_checkout,,nestishop.com
C1,Okay so this is going to sound dramatic but I genuinely almost had a panic attack. 😰,By Bella,70,70,False,1,AUGBUS,,$50,direct_checkout,Bella Shapewear,bellashapewear.com
C1,"10,000 people. One speech. TOMORROW. Here's exactly what I'd tell a client to do.",Peak Performance Hypnosis,65,65,False,2,DEDKNL,20615,gated,vsl,"Central & Columbus Ohio Hypnosis, Online Sessions Too",peakperformancehypnosis.com
C1,Don't waste your money on grounding sheets until you hear what happened to me three weeks after I gave birth. I was the last person who thought something like this would help.,The Honest Mama,65,65,False,2,DEDKNL,16106,$39,direct_checkout,Heal your Body with  Nature's Electrons,groundingwell.com
C1,5 Early Warning Signs Your Bladder Leaks Are About to Get Worse (That Most GPs Miss),The Daily Wellness,49,49,False,1,GB,,£36.45,direct_checkout,,serraphea.com
C1,"At 40, Hannah from Leeds had finally stopped calling herself lazy.",Clear Minds Hypnotherapy,47,47,False,1,GB,,gated,direct_checkout,,clearminds.com
C1,She hadn't heard from him in 3 months...,Amara - The Turkish Oracle,46,46,False,1,DE,1458,$11.11,direct_checkout,Coffee Cup Oracle,thecoffeecuporacle.com
C1,Xero prices rising?,AccountsIQ,46,46,False,1,GB,1847,€275 per mo,vsl,Cloud Accounting Trusted by Mid-Market Finance Teams,accountsiq.com
C2,That’s what happens when you pour from an empty cup.,First Gadget - Educational game for kids,191,191,False,1,GBUS,,$1,application_form,Instagram,instagram.com
C2,Can’t switch off at night?,SoundScan,182,182,False,1,AUDEDKGBNLUS,59618,$10 per mo,application_form,Music Promotion Services That Actually Work,hypeddit.com
C2,"If you're a leader holding everything together for everyone else, but inside it feels like you're right on the edge of everything falling apart... like one wrong decision could destroy the whole trust in your team,",karl_williams_leadership_coach,160,160,False,1,GBUS,,$1,application_form,Instagram,instagram.com
C2,You work hard to keep it together. And most days you do - but it costs something.,Kara Kuipers,159,159,False,1,AUNLUS,1830,$50,direct_checkout,"Nearly 400,000 5-star reviews",zox.co
C2,"If you're a professional who can't switch off from work, even at weekends and even on holiday, then come and follow @mindstarhypnotherapy",Mindstar Hypnotherapy,151,151,False,1,GB,,$1,application_form,Instagram,instagram.com
C2,I used to be the one who initiated.,Nina Weber,145,145,False,1,AUUS,1543,gated,direct_checkout,"my NUMY
 – mynumy.com",mynumy.com
C2,Tired…but can’t switch off?,Sleep Oracles,124,124,False,2,GB,,gated,application_form,"SleepOracles | Natural Sleep Supplements for Deep, Restful Sleep",sleeporacles.com
C2,"It’s always there in the background, even when you’re trying to focus, like your brain keeps drifting back to it no matter what you’re doing.",Always Greater,116,116,False,1,AUGBUS,,,,,learn.alwaysgreater.com
C2,Waarom belandt jouw belangrijkste project áltijd onderaan de to-do lijst?,Domus Focus,115,115,False,1,NL,456,gated,application_form,Stap in de focus-bubbel waar resultaat onvermijdelijk wordt,www.domusfocus.nl
C2,What if the reason you can't switch off has nothing to do with mindset — and everything to do with frequency?,The OneDevice,100,100,False,1,AUGB,,$0.00,direct_checkout,,theonedevice.com
C2,"You can't expect an overtired, wired kid to just fall asleep. Their busy brain physically can't switch off. 🦉",moonbird,99,99,False,1,DEGB,834,€179,direct_checkout,Breathwork works. Moonbird makes it work better.,moonbird.life
C2,"Fühlst du dich auch oft im Hamsterrad gefangen – Job, Familie, Alltag? Mit der Zeit wächst innerlich die Anspannung, der Kopf kommt nicht mehr zur Ruhe, und die Nerven liegen blank. Es fehlt dieser Ort, an dem man einfach loslassen darf.",Heilpraktikerin Heike Obermeier,99,99,False,2,DE,17729,$1,application_form,​,heilpraxis-heike-obermeier.de
C2,She won’t remember my inbox.,The Strategic Father,92,92,False,1,AUUS,,$27,unknown,Overwhelmed? Exhausted? There's a System For That.,strategicfather.com
C2,I didn’t create this because I’m naturally organized.,Katie Day Coach & Speaker,91,91,False,2,AUUS,15,,,,ohkatieday.com
C2,"You don't need a ""new you."" You need one small thing that makes your day lighter. This is it. ✨",North Time,89,89,False,1,AUDEUS,178,$3.95,direct_checkout,,thenorthtime.com
C2,"I stopped taking productivity advice from non caregivers years ago, and I want to tell you why.",Megan Sumrell,88,88,False,1,AUUS,,gated,vsl,NEVER  ENDS...,www.thepinkbee.com
C2,POV: you’ve had a long day…,St Palo,85,85,False,1,GB,,gated,application_form,St Palo,www.stpalo.com
C2,"Er macht beruflich weiter wie bisher. Du jonglierst den Wiedereinstieg, die Kita-Eingewöhnung",Lara Weiss,81,81,False,1,DE,22213,,,,go.laraweiss-elterncoaching.de
C2,Restless nights? Can't switch off after screens?,Flowlife,79,79,False,1,DEDKGB,91,500 DKK,direct_checkout,Recovery & Performance Systems from Scandinavia | Flowlife,flowlife.com
C2,"Your brain won't stop. You've tried everything — the app, the playlist, the scroll — and you still can't switch off. There's a $200 therapy copay for that, or there's this: pick up a brush, follow the numbers, and watch",Davincified,76,76,False,1,AUDEGBNLUS,456,$9.50,direct_checkout,Premium paint by numbers kits  for all skill levels.,davincified.com
C2,Still awake? For the nights you can't switch off. Slow binaural sleep sound to sink under.,Hibernault Audio,73,73,False,1,AUDEDKGBNLUS,46274,$10 per mo,application_form,Music Promotion Services That Actually Work,hypeddit.com
C2,"Every day I talk to professional men that are feeling trapped, overwhelmed and burnt out at work.",John Davidson,72,72,False,5,GB,,,,,5simpleshifts.net
C2,Jeg har fået Magnus med på kostplanen – og det gør faktisk hverdagen meget nemmere 🥳,Sofie - Effektivt vægttab,71,71,False,2,DK,58460,"329,00 kr",direct_checkout,,smartmakro.dk
C2,Every home today runs on devices.,Q Shield,68,68,False,1,AUDEDKGBNLUS,19796,$50,direct_checkout,QShield EMF Protection Chips - Limited Sale,tryqshield.com
C2,🤯 Working 60–70 hour weeks and still can’t switch off? 🤯,JCC Academy ,66,66,False,1,GB,,,,,www.jccaofficial.com
C2,We didn't tell you your period week would start feeling like every other week.,Lunã,65,65,False,1,GB,,£29.95,direct_checkout,Lunã,lunasperiod.co.uk
C2,Dein Körper leistet gerade jeden Tag Unglaubliches. Da sollte wenigstens dein BH mitdenken. 🤍,Lulema,64,64,False,2,DE,105,"€0,00",direct_checkout,,lulema.at
C2,I thought wedding planning was supposed to feel overwhelming.,Your Wedding Mate,61,61,False,2,AUDEDKGBNLUS,489,"€20,00",direct_checkout,Your Wedding Mate,yourweddingmate.com
C2,Mental Load ist nicht dir Aufgabe.,Mona's Essentials,57,57,False,1,DE,28322,$1,application_form,Instagram,instagram.com
C2,Du organisierst. Du kümmerst dich. Du denkst an alles.,Herzraum Verlag Bücher,55,55,False,1,DE,80610,gated,unknown,,amazon.de
C2,I can’t switch off… no matter how tired I am.,Clear Minds Hypnotherapy,54,54,False,1,GB,,gated,direct_checkout,,clearminds.com
C2,You left. So why do you still miss them?,Brandon Clear Minds,53,53,False,1,GB,,gated,direct_checkout,,clearminds.com
C2,One of the most dangerous assumptions high-achieving women make is this:,Rewired Woman,53,53,False,7,AUDEGBNLUS,5597,,,,
C2,"They told you to hold it together. To show up. To push through. To do it all: the meetings, the meals, the mental load.",RougeCare,53,53,False,1,AUGBUS,,$1,application_form,Instagram,instagram.com
C2,Make your routine work for you at Southmere,Peabody New Homes,52,52,False,1,GB,,,,,peabodynewhomes.southmere
C2,"Come home, open your phone, scroll for an hour, feel worse than when you started. I know the feeling. Started doing pottery to switch off after work and I genuinely cannot explain how different it feels. Everything's in the Sculpd kit. No setup, no skill needed. Just you, some clay, and something real to show for it. 1m pots sculpted. Find out why.",Sculpd,50,50,False,1,DEGBNL,2506,£35,direct_checkout,Sculpd,sculpd.co.uk
C2,"The mental load is real, and mostly invisible. Inku takes the running list out of your head and puts your whole day in one glanceable widget. Calendar + tasks, finally in one place.",Inkboard,50,50,False,1,AUDEDKGBNLUS,31567,gated,unknown,,play.google.com
C2,"If you’ve been struggling with your weight for years, ask yourself something honestly:",Alex Neilan - Sustainable Change,50,50,False,1,GB,,gated,application_form,Confirm where You Would you like us to send your group invitation...,go.sustainablechange.com
C2,She didn’t stop loving her husband.,Lessie Fitness,49,49,False,1,AUGBUS,,gated,direct_checkout,BetterMe,betterme-kegel-plan.com
C2,It's 11pm. The house is finally quiet — but your mind is still carrying everyone else's worries.,Lamate - Amsterdam,45,45,False,1,GBUS,,$39.00,direct_checkout,"Protect your energy. 
Wear your intention.",lamatejewelry.com
C2,Being unable to switch off after work isn't a personality trait. It's your nervous system stuck in a gear it can't get out of. Mad honey has a naturally occurring compound called grayanotoxin that physically addresses that. Not gradually over weeks. Within 30 minutes of taking a spoon. This batch is nearly out. Grab your jar before they're still on sale.,Real Mad Honey,45,45,False,1,GB,,£0.00,direct_checkout,Wild Mad Honey Nature’s Rarest Ritual in a Jar,realmadhoney.uk
C3,🕰️💸 GRAB YOUR FREE 4 HOUR WORK DAY STARTER PACK VIA THE LINK BELOW ⬇️,Laura Lange,52,52,False,1,DEGBNLUS,1023,gated,application_form,Revenue Infrastructure for Modern Creators,itslauralange.thrivecart.com
C4,Welcome to Within – The Ultimate Darkness Retreat 🌑. Discover a place where complete darkness and silence reveal the power within you. Are you ready for a life-changing journey?,Within The Ultimate Darkness Retreat,439,439,False,2,DK,22176,$1,application_form,Instagram,instagram.com
C4,When “it didn’t happen to me” still hurts: Vicarious trauma in the IVF community,Hope Affirm Thrive. Your Roadmap Through IVF,408,408,False,1,AUDEDKNL,1394,$1,application_form,Instagram,instagram.com
C4,"Life can feel heavy when you’re carrying anxiety, low mood, or old emotional wounds.",Field Wellness MicroDose,274,274,False,1,AUGBUS,,,,,Fieldnaturae.com
C4,THE 10-MINUTE TRICK THAT REDUCES ANXIETY,a.c.society,165,165,False,1,AUGBUS,1229,$1,application_form,Instagram,instagram.com
C4,"Your nervous system isn't listening to you anymore. It keeps that buzzing, wired alertness going long after your mind is exhausted, leaving you clenching your jaw by 10am. You can't 'think' your way to calm because stress isn't just in your head—it's a physical state, locked in your body by a dysregulated HPA-axis.",Dr. Sara B,146,146,False,1,AUUS,5096,gated,direct_checkout,"my NUMY
 – mynumy.com",mynumy.com
C4,Modern dating VS Sacred Union,nishwa_inner_alchemy_,137,137,False,1,AUUS,,$1,application_form,Instagram,instagram.com
C4,Dance & Wellness Retreat GIVEAWAY 💫 join me👇,Vince,122,122,False,1,DK,82304,$1,application_form,Instagram,instagram.com
C4,The data around wealth frequency shocked me—and it explains why most people stay stuck.”,Nilofer Safdar,118,118,False,1,AUGBUS,10550,,,,
C4,I want to be straight with you.,Luke Roe,115,115,False,2,GB,,gated,application_form,"Fed Up Of Going Round in Circles, Starting Over Again & Again With No Progress?",roeflexcoaching.com
C4,🌿 Mijn psycholoog noemt nooit boeken. In zes jaar therapie geen één keer.,Boekenvoordeziel,111,111,False,1,NL,180,€35,vsl,"Ontdek de verrassende methode die helpt om de  stortvloed aan gedachten te stoppen , je emoties te kalmeren en  innerlijke rust  te vinden —  zonder zelfdestructieve gewoontes of te doen alsof alles goed gaat terwijl dat",boekenvoordeziel.nl
C4,✨ Somatics & Embodied Awareness ✨,Somatic Therapeutic Yoga Training Ltd,110,110,False,1,DK,14788,gated,vsl,Somatic Therapeutic Yoga Training with Charlotte Watts,www.somatictherapeuticyoga.com
C4,"According to neuroscience, if you change your energy — you change your reality. ✨",Olga - Mindset Mastery & Manifestation,107,107,False,1,AUGBUS,,$1,application_form,Instagram,instagram.com
C4,"When I first heard ""frequency therapy wearable"" — I rolled my eyes a little.",The OneDevice,100,100,False,1,AUGB,,$0.00,direct_checkout,,theonedevice.com
C4,Don't let toxic emotions manifest into physical illness..,DailyOM,99,99,False,1,DK,2269,$1,application_form,DailyOM Home,dailyom.com
C4,"WATCH ONLINE: Bessel van der Kolk, Arielle Schwartz, Peter Levine, Andrea Kennedy, and 40+ world-renowned experts share body-first practices to help you release stress, restore calm, and reconnect with yourself — from the inside out.",Heart Mind Institute,92,92,False,1,DK,1707,gated,vsl,Somatic Healing Summit,somatichealingsummit.com
C4,Are you ready to live your life with . . .,Charlotte Watts Health,92,92,False,1,DK,23533,gated,unknown,Charlotte Watts Health,charlottewattshealth.com
C4,"𝐏𝐚𝐫𝐚𝐝𝐢𝐠𝐦-𝐒𝐡𝐢𝐟𝐭𝐢𝐧𝐠 𝐏𝐬𝐲𝐜𝐡𝐞𝐝𝐞𝐥𝐢𝐜 𝐈𝐧𝐭𝐞𝐠𝐫𝐚𝐭𝐢𝐨𝐧 𝐑𝐞𝐭𝐫𝐞𝐚𝐭 𝐢𝐧 𝐭𝐡𝐞 𝐍𝐞𝐭𝐡𝐞𝐫𝐥𝐚𝐧𝐝𝐬. A Sacred Journey of Healing, Transformation, and Awakening",Evolving Temple,88,88,False,1,DK,8954,gated,application_form,Welcome to  Evolving Temple,evolvingtemple.org
C4,You can't think your way out of survival mode.,The Bio-Axis,88,88,False,1,DK,3014,"€29,95",direct_checkout,THE BIO AXIS,thebioaxis.com
C4,Ladies! Strength training for women isn't just physical — it's mental training disguised as exercise.,Training Unity,82,82,False,2,GB,,,,,trainingunity.co.uk/6-weeks-kickstarter
C4,🔑 I just found the key.,LifeVision Lab,77,77,False,1,DK,1155,$9/mo,direct_checkout,Skool: Discover Communities or Create Your Own,skool.com
C4,Ever noticed how stress convinces you to do more when what your body really needs is to pause?,Yoga Health & Wellness,77,77,False,1,GB,,gated,application_form,"Somatics, Hypnotherapy & NLP, Reiki and 1:1 Yoga Sessions in Canterbury, Kent",https://yogahealthandwellness.co.uk/
C4,My 9yr old still wets the bed. He stuffed his wet pull-up under his pillow last night and didn't tell me.,Tanisha Martinez,76,76,False,1,AUGB,,$50,direct_checkout,,trysaphire.com
C4,Experience a healing IFS Journey in Portugal with Jory Agate in October 2026 🧘‍♀️,LifeArchitect,76,76,False,1,DK,15169,22KR,direct_checkout,Your nurturing space for professional growth and transformative experiences,lifearchitect.com
C4,"If your belly won't move no matter what you eat or how much you exercise, cortisol is almost certainly the reason. High cortisol tells your body to store fat specifically in the abdomen, spikes hunger, kills fullness signals, and wrecks sleep, which raises cortisol again the next morning and keeps the whole cycle running.",Dr. Greg D Raymond,74,74,False,1,AUGBUS,,$1,direct_checkout,,rituallabs.shop
C4,Watch Maya. She's not being bad.,Build Legends,74,74,False,1,GB,,$1,unknown,Legends,try.buildlegends.com
C4,Sunt zile în care totul pare mai greu decât ar trebui.,Health Library,72,72,False,2,DKGB,349,,,,healthy.com
C4,The calming pod that feels like a hug.,Nesti,72,72,False,4,DEDKGBNL,301,$56.50,direct_checkout,,nestishop.com
C4,"A nervous system stuck in chronic activation, braced and flooded and unable to settle, is in real distress, and distress demands relief, and the brain will reach for whatever delivers relief fastest.",Stan Taylor,69,69,False,1,AUDEDKGBNL,3845,$0,direct_checkout,The Black Book of Power,stantaylor.com
C4,permission granted to ditch your 12 step wellness routine 👇🏼,The Workout Witch,65,65,False,1,AUGBUS,30,$29.00,direct_checkout,Embody: Nervous System Reset App,theworkoutwitch.com
C4,Your voice holds the key to emotional freedom. Join our live online healing session!,Songdance,61,61,False,4,DKNL,8119,€99,application_form,"sounded. "",""Your voice already knows  how. "",""Before the words, there was a  sound. "",""You were born making  sound. ""]"">Some things can't be said. They can be  sounded.",songdance.co
C4,[New] From Survival to Inner Safety: A New Way to Recover After Trauma,MentorShow World,61,61,False,1,AUDEDKGBNLUS,191094,gated,application_form,Offrez-vous  15 minutes,mentorshow.com
C4,"If you came to skating as an adult, you know the feeling: you drill the same moves for months and still can't tell if you're actually improving.",Digital Skating School,60,60,False,1,DKNL,1326,gated,application_form,Start – Digital Skating School,digitalskatingschool.com/start
C4,The router is visible through the door.,Charlotte Johnson,55,55,False,1,AUGBUS,,gated,unknown,SPIRAD - Sacred Jewelry & Energy-Infused Wellness,sanctuary.spirad.com
C4,Most parents struggle with losing their temper and snapping at their kids because they try to correct behavior while their own nervous system is completely dysregulated…,Fresh Start Family,50,50,False,1,AUGBUS,,,,,
C4,"Sometimes stress doesn’t just live in the mind. It lives in the body, in the breath, and in the voice.",Amy Thiessen,50,50,False,1,GBUS,2321,,,,fb.me
C4,You don’t consciously choose emotionally unavailable men.,Ben Schwarcz - Transformational Coaching,47,47,False,1,DEDKNL,16359,gated,application_form,FREE ONLINE MASTERCLASS,www.ecstaticsomatic.com
C4,"Before Bessel van der Kolk wrote the final chapter of his career, he said something I haven't been able to stop thinking about.",Rachel Morrison,47,47,False,1,AUGB,,$60,direct_checkout,"@media screen and (max-width: 749px) {
                        .header__heading-logo--main-desktop {
                            display: none !important;
                        }
                        .header__headin",heldhonest.com
C4,I don’t guess your stress levels…,Elonga US,46,46,False,1,DEDKGBNL,2136,$99,optin,The only 3-minute morning wearable,www.elonga.com
C4,🌙 From Hobby to Paid Astrologer in 4 Steps 🌙,Flowers For Dais,46,46,False,1,DEDKNL,2180,€11,optin,Flowers For Dais,flowersfordaisastrology.com
C5,Newt isn’t just another bottle — it’s designed to feel better every time you use it.,SHO,152,152,False,1,GB,,£10,direct_checkout,"SHO - Reusable Water Bottles, Coffee Cups & Flasks",shoreusable.com
C5,"Have you noticed you've started relying on that evening glass of wine more and more to switch off at the end of the day, but it's now negatively impacting your sleep, energy, mood and health? Need new ideas of what to do to help unwind without wine?",Sarah Rusbatch,123,123,False,3,AUGBUS,,gated,application_form,"Access all of Sarah Rusbatch's  Programs, Tools & Resources.  Everything you need to feel better, drink less, and thrive in midlife.",programs.sarahrusbatch.com
C5,"You know that voice in your head that says ""I'll cut back tomorrow""?",Just the Tonic,84,84,False,1,AUGBUS,,£17,unknown,"""The Alcohol Freedom System""",https://go.justthetoniccoach.com/alcohol-freedom-method
C5,Tired of feeling held back by your drinking habits?,Mindful Drinking Community,68,68,False,1,AUDEDKGBNLUS,504159,$1,application_form,Therapy & Recovery Support for Life Challenges - Calmio.ai,calmio.ai
C5,Tired of feeling held back by your drinking habits?,Dr. Alex Morgan,66,66,False,1,DEDKNL,49247,$1,application_form,Therapy & Recovery Support for Life Challenges - Calmio.ai,calmio.ai
C5,"£6 organic wine & kids eat free. Saturdays just became your favourite day. 12–4:30 at Battersea, Islington & Canary Wharf.",Humble Grape,66,66,False,3,GB,,£45,application_form,Humble Grape London Wine Bar & Tasting Experiences,humblegrape.co.uk
C5,Tired of feeling held back by your drinking habits?,Alcohol Free Daily,61,61,False,1,DEDKNL,34000,$1,application_form,Therapy & Recovery Support for Life Challenges - Calmio.ai,calmio.ai
C5,You don’t need to hit rock bottom to make a change.,Ask Dr. Whitmore,60,60,False,1,DEDKNL,264,$1,application_form,Therapy & Recovery Support for Life Challenges - Calmio.ai,calmio.ai
C5,I used to leave the gym with a headache more often than not.,Bollsen,58,58,False,1,DEDK,15710,$1,direct_checkout,BOLLSEN HEARING PROTECTION,lp.bollsen-hearingprotection.com
C5,"Some days, a little extra quiet is just what you need to focus, relax, or sleep better ✨ Loop earplugs can help you find it.",Loop,45,45,False,4,DK,32393,$1,direct_checkout,"Your Life, Your Volume | Loop Earplugs",loopearplugs.com
C6,"Burnout doesn’t just drain your energy—it clouds your clarity, dulls your passion, and makes it hard to see a way forward. If you’ve given everything to your career and feel like you’ve lost yourself in the process, this guide offers both the grounding and direction you’ve been searching for. With practical recovery tools, reflective exercises, and a clear map to rebuild from exhaustion, it helps you reconnect with who you are beyond the burnout. You’ll walk away with renewed energy, a sense of clarity, and a plan to move into your next chapter with confidence.",PDF Guide Sanctuary ,279,279,False,1,AUGBUS,,gated,direct_checkout,The PDF Guide Sanctuary,pdfguidesanctuary.com
C6,"If ongoing pressure is still affecting your clarity and energy, structured intervention may be the next step.",Medifit Rehabilitation Center,158,158,False,2,GB,,gated,vsl,Rehabilitation in Spain - Medifit Reha,medifitreha.com
C6,The horror of staring at a blank pages in your new journal 😳,F&B Digital Therapy,95,95,False,1,GB,,£0.00,direct_checkout,F&B Digital Therapy,fandbtherapy.com
C6,"🍃 Quiet Reset Retreat | São Miguel, Azores 🍃",Naturemma Azores ,87,87,False,1,DENLUS,6110,,,,
C6,Want to learn how we help executive women leaders end burnout and REWIRE their brains for sustainable success?,Rewired Woman,53,53,False,6,AUDEGBNLUS,4631,,,,
C6,Knowing you need to rest and actually being able to rest are two completely different skills. One is information. The other is a nervous system problem.,The Tired Years,52,52,False,1,AUGBUS,126,$17.00,direct_checkout,"The tired years 
      don't have to  last.",thetiredyears.org
C7,Du funktionierst nach außen. Aber innen zahlt dein Körper längst die Rechnung. 💭,Fabriam Verlag,129,129,False,1,DE,168574,gated,unknown,,amazon.de
C7,The horror of staring at a blank pages in your new journal 😳,F&B Digital Therapy,95,95,False,1,GB,,£0.00,direct_checkout,F&B Digital Therapy,fandbtherapy.com
C7,You follow the advice. You try the strategies. You show up every day for your child.,Autism Parenting Magazine,74,74,False,2,AUGBUS,803,$1,application_form,Autism Parenting Magazine,AutismParentingMagazine.com
C7,"Learn Acceptance and Commitment Therapy (ACT) from Dr. Russ Harris, internationally acclaimed trainer and best-selling author of The Happiness Trap, who has trained over 80,000 professionals worldwide.",Psychwire.com,68,68,False,1,DEDKGBNL,1418,,,,https://psychwire.com/act
C7,"""I'm not lazy, I'm just overwhelmed."" Sound familiar?",Human Behavior Lab,58,58,False,1,AUDEGBUS,9,,,,blossomup.co
C8,Hvor mange rigtige fik du? 🤝,CA Studiepartner og a-kasse,316,316,False,2,DK,44102,0 kr,application_form,Den helt rigtige a-kasse,www.ca.dk
C8,"Kan du genkende følelsen af, at der er noget i dig, som altid er på overarbejde, aldrig kan slappe helt af, eller måske at du overtænker, bekymrer dig eller har svært ved at være helt til stede? Retreatet her tilbyder dig et rum over fem dage, hvor opmærksomheden flyttes fra tanker til nærvær og erfaring i kroppen https://mellem-rummet.dk/event/retreat-bbbb","Mellem-Rummet Retreat, Samsø",194,194,False,1,DK,72917,gated,direct_checkout,Mellem-rummet,mellem-rummet.dk
C8,TRX YOGA FLOW✨ BLIV CERTIFICERET TRX YOGA INSTRUKTØR 🖤💛,TRX Education Denmark,122,122,False,1,DK,36158,gated,vsl,Make Friends With Your Boody,mfwyb.dk
C8,"Rejsningsproblemer? Det er mere almindeligt, end du tror.",Sarahs Træning & Fysioterapi,96,96,False,1,DK,6328,,,,fb.me
C8,"3 uddannelser i 1 uddannelse - Psykoterapeut, Stresscoach, Positiv Psykologiformidler",Lind & Dahl,82,82,False,1,DK,132554,,,,https://lindogdahl.dk/
C8,Tag kollegaerne under armen til et hyggeligt og kreativt firmaarrangement hos KREA-U midt i Herning!,Krea-u,81,81,False,1,DK,5271,gated,unknown,Dit kreative værksted i Herning,krea-u.dk
C8,"Du bruger enormt meget energi på at regne ud, hvad andre forventer af dig.",Stærkt Sind,81,81,False,1,DK,822,,,,fb.me
C8,Det ligger os meget på sinde at sikre et godt arbejdsmiljø hos Credin 🤝,Credin Danmark,73,73,False,1,DK,63956,gated,unknown,Credin | Eksperter i Bageriingredienser for moderne bagerier - Credin,credin.dk
C8,𝗦𝗸𝗮𝗹 𝗜 𝘀𝗻𝗮𝗿𝘁 𝗶 𝗲𝘀𝗰𝗮𝗽𝗲 𝗿𝗼𝗼𝗺? 🔐,LOCKED - Teambuilding & Escape Room,67,67,False,1,DK,1675,gated,application_form,DANMARKS STØRSTE  ESCAPE   R00M   UNIVERS,www.locked.dk
C8,"Det giver ret god mening, hvis du vil stå stærkt i dit arbejdsliv.",Djøf,46,46,False,5,DK,49483,0 kr,application_form,Din fagforening - stå stærkt i dit studie- og arbejdsliv,djoef.dk
C8,𝗞𝗲𝗻𝗱𝗲𝗿 𝗱𝘂 𝘀𝘆𝗺𝗽𝘁𝗼𝗺𝗲𝗿𝗻𝗲 𝗽𝗮̊ 𝘀𝘁𝗿𝗲𝘀𝘀? 𝗗𝗲𝘁 𝗸𝗮𝗻 𝗯𝗹.𝗮. 𝘃æ𝗿𝗲:,Livsharmonien,45,45,False,1,DK,3170,gated,unknown,,livsharmonien.dk
